FULL TEXT PREPROCESSING — MANAJEMEN ENERGI  |  Information Retrieval Pipeline,,,,,,,,
DocID,Teks Mentah (Raw Text),Case Folding & Cleaning,Tokenisasi,Stop-word Removal,Stemming – Hasil Akhir,Forward Index (Term: Freq),"Jumlah
Unique Terms","Jumlah
Token Awal"
Doc 1,"Tujuan dari penelitian ini adalah untuk mengeksplorasi dampak Akuntansi hijau terhadap kinerja lingkungan, dengan manajemen energi sebagai mediatornya.",tujuan dari penelitian ini adalah untuk mengeksplorasi dampak akuntansi hijau terhadap kinerja lingkungan dengan manajemen energi sebagai mediatornya,"[tujuan, dari, penelitian, ini, adalah, untuk, mengeksplorasi, dampak, akuntansi, hijau, terhadap, kinerja, lingkungan, dengan, manajemen, energi, sebagai, mediatornya]","[tujuan, penelitian, mengeksplorasi, akuntansi, hijau, kinerja, lingkungan, manajemen, energi, mediatornya]","[tuju, peneliti, mengeksplorasi, akuntansi, hijau, kinerja, lingkungan, manajemen, energi, mediasi]","akuntansi:1, energi:1, hijau:1, kinerja:1, lingkungan:1, manajemen:1, mediasi:1, mengeksplorasi:1, peneliti:1, tuju:1",10,18
Doc 2,"Penelitian sebelumnya menunjukkan bahwa ketika efisiensi energi dianggap strategis, perusahaan cenderung memiliki tingkat manajemen energi yang tinggi.",penelitian sebelumnya menunjukkan bahwa ketika efisiensi energi dianggap strategis perusahaan cenderung memiliki tingkat manajemen energi yang tinggi,"[penelitian, sebelumnya, menunjukkan, bahwa, ketika, efisiensi, energi, dianggap, strategis, perusahaan, cenderung, memiliki, tingkat, manajemen, energi, yang, tinggi]","[penelitian, sebelumnya, efisiensi, energi, dianggap, strategis, perusahaan, cenderung, tingkat, manajemen, energi, tinggi]","[peneliti, efisiensi, energi, dianggap, strategi, perusaha, cenderung, tingkat, manajemen, energi, tinggi]","energi:2, cenderung:1, dianggap:1, efisiensi:1, manajemen:1, peneliti:1, perusaha:1, strategi:1, tinggi:1, tingkat:1",10,17
Doc 3,Aspek lain dari manajemen energi telah berkembang dari efisiensi biaya murni menjadi efisiensi kualitas dan produktivitas dan sedang dalam transisi menuju efisiensi kinerja lingkungan.,aspek lain dari manajemen energi telah berkembang dari efisiensi biaya murni menjadi efisiensi kualitas dan produktivitas dan sedang dalam transisi menuju efisiensi kinerja lingkungan,"[aspek, lain, dari, manajemen, energi, telah, berkembang, dari, efisiensi, biaya, murni, menjadi, efisiensi, kualitas, dan, produktivitas, dan, sedang, dalam, transisi, menuju, efisiensi, kinerja, lingkungan]","[aspek, manajemen, energi, efisiensi, biaya, murni, efisiensi, kualitas, produktivitas, transisi, menuju, efisiensi, kinerja, lingkungan]","[aspek, manajemen, energi, efisiensi, biaya, murni, efisiensi, kualitas, produktivitas, transisi, menuju, efisiensi, kinerja, lingkungan]","efisiensi:3, aspek:1, biaya:1, energi:1, kinerja:1, kualitas:1, lingkungan:1, manajemen:1, menuju:1, murni:1, produktivitas:1, transisi:1",12,24
Doc 4,"Di sisi lain, diketahui bahwa sistem manajemen energi mampu menjamin kualitas lingkungan dalam ruangan sekaligus memberikan efisiensi energi.",di sisi lain diketahui bahwa sistem manajemen energi mampu menjamin kualitas lingkungan dalam ruangan sekaligus memberikan efisiensi energi,"[di, sisi, lain, diketahui, bahwa, sistem, manajemen, energi, mampu, menjamin, kualitas, lingkungan, dalam, ruangan, sekaligus, memberikan, efisiensi, energi]","[sisi, sistem, manajemen, energi, mampu, menjamin, kualitas, lingkungan, ruangan, memberikan, efisiensi, energi]","[sisi, sistem, manajemen, energi, mampu, jamin, kualitas, lingkungan, ruang, beri, efisiensi, energi]","energi:2, beri:1, efisiensi:1, jamin:1, kualitas:1, lingkungan:1, mampu:1, manajemen:1, ruang:1, sisi:1, sistem:1",11,18
Doc 5,"Hal ini menunjukkan bahwa sistem manajemen energi membantu menyediakan lingkungan dalam ruangan yang berkualitas, dan meningkatkan kepuasan karyawan atau pelanggan.",hal ini menunjukkan bahwa sistem manajemen energi membantu menyediakan lingkungan dalam ruangan yang berkualitas dan meningkatkan kepuasan karyawan atau pelanggan,"[hal, ini, menunjukkan, bahwa, sistem, manajemen, energi, membantu, menyediakan, lingkungan, dalam, ruangan, yang, berkualitas, dan, meningkatkan, kepuasan, karyawan, atau, pelanggan]","[sistem, manajemen, energi, membantu, menyediakan, lingkungan, ruangan, berkualitas, meningkatkan, kepuasan, karyawan, pelanggan]","[sistem, manajemen, energi, bantu, sedia, lingkungan, ruang, kualitas, tingkat, puas, karyawan, pelanggan]","bantu:1, energi:1, karyawan:1, kualitas:1, lingkungan:1, manajemen:1, pelanggan:1, puas:1, ruang:1, sedia:1, sistem:1, tingkat:1",12,20
Doc 6,Pengaruh antara akuntansi hijau dan kinerja berkelanjutan UMKM dimediasi oleh manajemen energi.,pengaruh antara akuntansi hijau dan kinerja berkelanjutan umkm dimediasi oleh manajemen energi,"[pengaruh, antara, akuntansi, hijau, dan, kinerja, berkelanjutan, umkm, dimediasi, oleh, manajemen, energi]","[pengaruh, akuntansi, hijau, kinerja, berkelanjutan, manajemen, energi]","[pengaruh, akuntansi, hijau, kinerja, manajemen, energi]","akuntansi:1, energi:1, hijau:1, kinerja:1, manajemen:1, pengaruh:1",6,12
Doc 7,Hasil penelitian ini sejalan dengan temuan bahwa manajemen energi dapat memediasi pengaruh akuntansi hijau terhadap kinerja berkelanjutan.,hasil penelitian ini sejalan dengan temuan bahwa manajemen energi dapat memediasi pengaruh akuntansi hijau terhadap kinerja berkelanjutan,"[hasil, penelitian, ini, sejalan, dengan, temuan, bahwa, manajemen, energi, dapat, memediasi, pengaruh, akuntansi, hijau, terhadap, kinerja, berkelanjutan]","[hasil, penelitian, sejalan, temuan, manajemen, energi, memediasi, pengaruh, akuntansi, hijau, kinerja, berkelanjutan]","[hasil, peneliti, sejal, temu, manajemen, energi, mediasi, pengaruh, akuntansi, hijau, kinerja]","akuntansi:1, energi:1, hasil:1, hijau:1, kinerja:1, manajemen:1, mediasi:1, peneliti:1, pengaruh:1, sejal:1, temu:1",11,17
Doc 8,Manajemen energi dapat memediasi pengaruh akuntansi hijau terhadap kinerja lingkungan UMKM.,manajemen energi dapat memediasi pengaruh akuntansi hijau terhadap kinerja lingkungan umkm,"[manajemen, energi, dapat, memediasi, pengaruh, akuntansi, hijau, terhadap, kinerja, lingkungan, umkm]","[manajemen, energi, memediasi, pengaruh, akuntansi, hijau, kinerja, lingkungan]","[manajemen, energi, mediasi, pengaruh, akuntansi, hijau, kinerja, lingkungan]","akuntansi:1, energi:1, hijau:1, kinerja:1, lingkungan:1, manajemen:1, mediasi:1, pengaruh:1",8,11
Doc 9,Hasil penelitian ini menunjukkan bahwa penerapan akuntansi hijau dan manajemen energi menunjukkan keberlangsungan bisnis UMKM.,hasil penelitian ini menunjukkan bahwa penerapan akuntansi hijau dan manajemen energi menunjukkan keberlangsungan bisnis umkm,"[hasil, penelitian, ini, menunjukkan, bahwa, penerapan, akuntansi, hijau, dan, manajemen, energi, menunjukkan, keberlangsungan, bisnis, umkm]","[hasil, penelitian, penerapan, akuntansi, hijau, manajemen, energi, keberlangsungan, bisnis]","[hasil, peneliti, terap, akuntansi, hijau, manajemen, energi, langsung, bisnis]","akuntansi:1, bisnis:1, energi:1, hasil:1, hijau:1, langsung:1, manajemen:1, peneliti:1, terap:1",9,15
Doc 10,Diketahui bahwa sistem manajemen energi mampu menjamin kualitas lingkungan dalam ruangan sekaligus memberikan efisiensi energi.,diketahui bahwa sistem manajemen energi mampu menjamin kualitas lingkungan dalam ruangan sekaligus memberikan efisiensi energi,"[diketahui, bahwa, sistem, manajemen, energi, mampu, menjamin, kualitas, lingkungan, dalam, ruangan, sekaligus, memberikan, efisiensi, energi]","[sistem, manajemen, energi, mampu, menjamin, kualitas, lingkungan, ruangan, memberikan, efisiensi, energi]","[sistem, manajemen, energi, mampu, jamin, kualitas, lingkungan, ruang, beri, efisiensi, energi]","energi:2, beri:1, efisiensi:1, jamin:1, kualitas:1, lingkungan:1, mampu:1, manajemen:1, ruang:1, sistem:1",10,15
Doc 11,"Sistem manajemen energi membantu menyediakan lingkungan dalam ruangan yang berkualitas, yang pada gilirannya meningkatkan kepuasan karyawan dan pelanggan.",sistem manajemen energi membantu menyediakan lingkungan dalam ruangan yang berkualitas yang pada gilirannya meningkatkan kepuasan karyawan dan pelanggan,"[sistem, manajemen, energi, membantu, menyediakan, lingkungan, dalam, ruangan, yang, berkualitas, yang, pada, gilirannya, meningkatkan, kepuasan, karyawan, dan, pelanggan]","[sistem, manajemen, energi, membantu, menyediakan, lingkungan, ruangan, berkualitas, gilirannya, meningkatkan, kepuasan, karyawan, pelanggan]","[sistem, manajemen, energi, bantu, sedia, lingkungan, ruang, kualitas, giliran, tingkat, puas, karyawan, pelanggan]","bantu:1, energi:1, giliran:1, karyawan:1, kualitas:1, lingkungan:1, manajemen:1, pelanggan:1, puas:1, ruang:1, sedia:1, sistem:1, tingkat:1",13,18
Doc 12,"Berdasarkan UMKM di Jawa Timur, akuntansi hijau dan manajemen energi dapat meningkatkan kinerja UMKM secara berkelanjutan.",berdasarkan umkm di jawa timur akuntansi hijau dan manajemen energi dapat meningkatkan kinerja umkm secara berkelanjutan,"[berdasarkan, umkm, di, jawa, timur, akuntansi, hijau, dan, manajemen, energi, dapat, meningkatkan, kinerja, umkm, secara, berkelanjutan]","[akuntansi, hijau, manajemen, energi, meningkatkan, kinerja, berkelanjutan]","[akuntansi, hijau, manajemen, energi, tingkat, kinerja]","akuntansi:1, energi:1, hijau:1, kinerja:1, manajemen:1, tingkat:1",6,16
Doc 13,Edukasi ini dapat dilakukan melalui penyampaian materi dan praktik kepada masyarakat yang sesuai kompetensinya bagaimana cara audit dan memanajemen energi listrik agar efisien sesuai dengan fungsi dan kegunaannya.,edukasi ini dapat dilakukan melalui penyampaian materi dan praktik kepada masyarakat yang sesuai kompetensinya bagaimana cara audit dan memanajemen energi listrik agar efisien sesuai dengan fungsi dan kegunaannya,"[edukasi, ini, dapat, dilakukan, melalui, penyampaian, materi, dan, praktik, kepada, masyarakat, yang, sesuai, kompetensinya, bagaimana, cara, audit, dan, memanajemen, energi, listrik, agar, efisien, sesuai, dengan, fungsi, dan, kegunaannya]","[edukasi, penyampaian, praktik, masyarakat, kompetensinya, audit, energi, listrik, efisien, kegunaannya]","[edukasi, sampaikan, praktik, masyarakat, kompetensi, audit, energi, listrik, efisien, kegunaan]","audit:1, edukasi:1, efisien:1, energi:1, kegunaan:1, kompetensi:1, listrik:1, masyarakat:1, praktik:1, sampaikan:1",10,28
Doc 14,Edukasi ini juga mendorong ketertarikan peserta untuk melakukan inovasi dibidang teknologi khususnya teknologi audit manajemen energi berbasis Internet of Things.,edukasi ini juga mendorong ketertarikan peserta untuk melakukan inovasi dibidang teknologi khususnya teknologi audit manajemen energi berbasis internet of things,"[edukasi, ini, juga, mendorong, ketertarikan, peserta, untuk, melakukan, inovasi, dibidang, teknologi, khususnya, teknologi, audit, manajemen, energi, berbasis, internet, of, things]","[edukasi, mendorong, ketertarikan, peserta, melakukan, inovasi, dibidang, teknologi, khususnya, teknologi, audit, manajemen, energi, berbasis]","[edukasi, dorong, ketertari, peserta, melaku, inovasi, dibidang, teknologi, khusus, teknologi, audit, manajemen, energi, basis]","teknologi:2, audit:1, basis:1, dibidang:1, dorong:1, edukasi:1, energi:1, inovasi:1, ketertari:1, khusus:1, manajemen:1, melaku:1, peserta:1",13,20
Doc 15,Kegiatan ini berupa praktik audit dan manajemen energi berbasis IoT yang bertujuan untuk menyebarkan hasil penelitian kepada masyarakat sebagai upaya terlaksana program konservasi energi dan memberikan kesadaran masyarakat untuk berprilaku hemat energi.,kegiatan ini berupa praktik audit dan manajemen energi berbasis iot yang bertujuan untuk menyebarkan hasil penelitian kepada masyarakat sebagai upaya terlaksana program konservasi energi dan memberikan kesadaran masyarakat untuk berprilaku hemat energi,"[kegiatan, ini, berupa, praktik, audit, dan, manajemen, energi, berbasis, iot, yang, bertujuan, untuk, menyebarkan, hasil, penelitian, kepada, masyarakat, sebagai, upaya, terlaksana, program, konservasi, energi, dan, memberikan, kesadaran, masyarakat, untuk, berprilaku, hemat, energi]","[kegiatan, praktik, audit, manajemen, energi, berbasis, menyebarkan, hasil, penelitian, masyarakat, program, konservasi, energi, memberikan, kesadaran, masyarakat, berprilaku, hemat, energi]","[kegiat, praktik, audit, manajemen, energi, basis, sebar, hasil, peneliti, masyarakat, program, konservasi, energi, beri, sadar, masyarakat, laku, hemat, energi]","energi:3, masyarakat:2, audit:1, basis:1, beri:1, hasil:1, hemat:1, kegiat:1, konservasi:1, laku:1, manajemen:1, peneliti:1, praktik:1, program:1, sadar:1, sebar:1",16,32
Doc 16,Pada penelitian yang telah dilakukan mengenai pemanfaatan teknologi IoT dalam rangka audit energi dan manajemen energi listrik menghasilkan sebuah prototipe yang dapat mengukur besarnya konsumsi energi listrik.,pada penelitian yang telah dilakukan mengenai pemanfaatan teknologi iot dalam rangka audit energi dan manajemen energi listrik menghasilkan sebuah prototipe yang dapat mengukur besarnya konsumsi energi listrik,"[pada, penelitian, yang, telah, dilakukan, mengenai, pemanfaatan, teknologi, iot, dalam, rangka, audit, energi, dan, manajemen, energi, listrik, menghasilkan, sebuah, prototipe, yang, dapat, mengukur, besarnya, konsumsi, energi, listrik]","[penelitian, pemanfaatan, teknologi, rangka, audit, energi, manajemen, energi, listrik, menghasilkan, prototipe, mengukur, besarnya, konsumsi, energi, listrik]","[peneliti, manfaat, teknologi, rangka, audit, energi, manajemen, energi, listrik, hasil, prototipe, ukur, besar, konsumsi, energi, listrik]","energi:3, listrik:2, audit:1, besar:1, hasil:1, konsumsi:1, manajemen:1, manfaat:1, peneliti:1, prototipe:1, rangka:1, teknologi:1, ukur:1",13,27
Doc 17,"Jika ditemukan adanya indikasi pemborosan atau tidak sesuai dengan standar, maka tindakan manajemen energi perlu dilakukan oleh siapa saja yang memiliki pengetahuan dasar dibidang teknik elektro.",jika ditemukan adanya indikasi pemborosan atau tidak sesuai dengan standar maka tindakan manajemen energi perlu dilakukan oleh siapa saja yang memiliki pengetahuan dasar dibidang teknik elektro,"[jika, ditemukan, adanya, indikasi, pemborosan, atau, tidak, sesuai, dengan, standar, maka, tindakan, manajemen, energi, perlu, dilakukan, oleh, siapa, saja, yang, memiliki, pengetahuan, dasar, dibidang, teknik, elektro]","[adanya, indikasi, pemborosan, standar, manajemen, energi, perlu, pengetahuan, dasar, dibidang, elektro]","[adanya, indikasi, boros, standar, manajemen, energi, perlu, tahu, dasar, dibidang, elektro]","adanya:1, boros:1, dasar:1, dibidang:1, elektro:1, energi:1, indikasi:1, manajemen:1, perlu:1, standar:1, tahu:1",11,26
Doc 18,Edukasi dalam bentuk praktik langsung merupakan hal yang paling tepat agar masyarakat dapat mengetahui tentang audit dan manajemen energi ini.,edukasi dalam bentuk praktik langsung merupakan hal yang paling tepat agar masyarakat dapat mengetahui tentang audit dan manajemen energi ini,"[edukasi, dalam, bentuk, praktik, langsung, merupakan, hal, yang, paling, tepat, agar, masyarakat, dapat, mengetahui, tentang, audit, dan, manajemen, energi, ini]","[edukasi, praktik, langsung, tepat, masyarakat, mengetahui, audit, manajemen, energi]","[edukasi, praktik, langsung, tepat, masyarakat, tahu, audit, manajemen, energi]","audit:1, edukasi:1, energi:1, langsung:1, manajemen:1, masyarakat:1, praktik:1, tahu:1, tepat:1",9,20
Doc 19,Analisis pada pretest didapatkan kemampuan awal peserta pelatihan tergolong kurang terutama pada poin audit energi dan manajemen energi.,analisis pada pretest didapatkan kemampuan awal peserta pelatihan tergolong kurang terutama pada poin audit energi dan manajemen energi,"[analisis, pada, pretest, didapatkan, kemampuan, awal, peserta, pelatihan, tergolong, kurang, terutama, pada, poin, audit, energi, dan, manajemen, energi]","[analisis, pretest, kemampuan, awal, peserta, pelatihan, kurang, terutama, poin, audit, energi, manajemen, energi]","[analisis, pretest, mampu, awal, peserta, latih, kurang, terutama, poin, audit, energi, manajemen, energi]","energi:2, analisis:1, audit:1, awal:1, kurang:1, latih:1, mampu:1, manajemen:1, peserta:1, poin:1, pretest:1, terutama:1",12,18
Doc 20,Pelatihan ini berupa praktik langsung untuk mengetahui konsumsi energi pada SMK N 2 Bandar Lampung. Kemampuan awal peserta masih kurang terutama pada poin audit dan manajemen energi.,pelatihan ini berupa praktik langsung untuk mengetahui konsumsi energi pada smk n bandar lampung kemampuan awal peserta masih kurang terutama pada poin audit dan manajemen energi,"[pelatihan, ini, berupa, praktik, langsung, untuk, mengetahui, konsumsi, energi, pada, smk, n, bandar, lampung, kemampuan, awal, peserta, masih, kurang, terutama, pada, poin, audit, dan, manajemen, energi]","[pelatihan, praktik, langsung, mengetahui, konsumsi, energi, kemampuan, awal, peserta, kurang, terutama, poin, audit, manajemen, energi]","[latih, praktik, langsung, tahu, konsumsi, energi, mampu, awal, peserta, kurang, terutama, poin, audit, manajemen, energi]","energi:2, audit:1, awal:1, konsumsi:1, kurang:1, langsung:1, latih:1, mampu:1, manajemen:1, peserta:1, poin:1, praktik:1, tahu:1, terutama:1",14,26
Doc 21,"Setelah dilaksanakan pretest, kegiatan selanjutnya pemaparan materi audit dan manajemen energi oleh Tim Pengabdian.",setelah dilaksanakan pretest kegiatan selanjutnya pemaparan materi audit dan manajemen energi oleh tim pengabdian,"[setelah, dilaksanakan, pretest, kegiatan, selanjutnya, pemaparan, materi, audit, dan, manajemen, energi, oleh, tim, pengabdian]","[pretest, kegiatan, pemaparan, audit, manajemen, energi]","[pretest, kegiat, papar, audit, manajemen, energi]","audit:1, energi:1, kegiat:1, manajemen:1, papar:1, pretest:1",6,14
Doc 22,Selanjutnya dilaksanakan praktik audit dan manajemen energi yang langsung dilakukan oleh peserta pelatihan.,selanjutnya dilaksanakan praktik audit dan manajemen energi yang langsung dilakukan oleh peserta pelatihan,"[selanjutnya, dilaksanakan, praktik, audit, dan, manajemen, energi, yang, langsung, dilakukan, oleh, peserta, pelatihan]","[praktik, audit, manajemen, energi, langsung, peserta, pelatihan]","[praktik, audit, manajemen, energi, langsung, peserta, latih]","audit:1, energi:1, langsung:1, latih:1, manajemen:1, peserta:1, praktik:1",7,13
Doc 23,Hasil audit energi ini dapat langsung dicetak dan digunakan sebagai referensi dalam memberikan rekomendasi untuk keperluan manajemen energi.,hasil audit energi ini dapat langsung dicetak dan digunakan sebagai referensi dalam memberikan rekomendasi untuk keperluan manajemen energi,"[hasil, audit, energi, ini, dapat, langsung, dicetak, dan, digunakan, sebagai, referensi, dalam, memberikan, rekomendasi, untuk, keperluan, manajemen, energi]","[hasil, audit, energi, langsung, dicetak, memberikan, rekomendasi, manajemen, energi]","[hasil, audit, energi, langsung, dicetak, beri, rekomendasi, manajemen, energi]","energi:2, audit:1, beri:1, dicetak:1, hasil:1, langsung:1, manajemen:1, rekomendasi:1",8,18
Doc 24,Kegiatan ini dapat meningkatkan kemampuan peserta dalam melakukan audit dan manajemen energi dari yang kurang menjadi lebih baik.,kegiatan ini dapat meningkatkan kemampuan peserta dalam melakukan audit dan manajemen energi dari yang kurang menjadi lebih baik,"[kegiatan, ini, dapat, meningkatkan, kemampuan, peserta, dalam, melakukan, audit, dan, manajemen, energi, dari, yang, kurang, menjadi, lebih, baik]","[kegiatan, meningkatkan, kemampuan, peserta, melakukan, audit, manajemen, energi, kurang]","[kegiat, tingkat, mampu, peserta, melaku, audit, manajemen, energi, kurang]","audit:1, energi:1, kegiat:1, kurang:1, mampu:1, manajemen:1, melaku:1, peserta:1, tingkat:1",9,18
Doc 25,Dari pelaksanaan kegiatan pelatihan aplikasi teknologi Internet of Things untuk audit dan manajemen energi bagi siswa SMK dalam rangka konservasi dan efisiensi energi didapatkan kesimpulan.,dari pelaksanaan kegiatan pelatihan aplikasi teknologi internet of things untuk audit dan manajemen energi bagi siswa smk dalam rangka konservasi dan efisiensi energi didapatkan kesimpulan,"[dari, pelaksanaan, kegiatan, pelatihan, aplikasi, teknologi, internet, of, things, untuk, audit, dan, manajemen, energi, bagi, siswa, smk, dalam, rangka, konservasi, dan, efisiensi, energi, didapatkan, kesimpulan]","[pelaksanaan, kegiatan, pelatihan, aplikasi, teknologi, audit, manajemen, energi, siswa, rangka, konservasi, efisiensi, energi, kesimpulan]","[laksana, kegiat, latih, aplikasi, teknologi, audit, manajemen, energi, siswa, rangka, konservasi, efisiensi, energi, simpul]","energi:2, aplikasi:1, audit:1, efisiensi:1, kegiat:1, konservasi:1, laksana:1, latih:1, manajemen:1, rangka:1, simpul:1, siswa:1, teknologi:1",13,25
Doc 26,Berdasarkan hasil evaluasi yang dilakukan diketahui bahwa peserta memiliki pengetahuan baru yang berhubungan dengan teknologi audit dan manajemen energi.,berdasarkan hasil evaluasi yang dilakukan diketahui bahwa peserta memiliki pengetahuan baru yang berhubungan dengan teknologi audit dan manajemen energi,"[berdasarkan, hasil, evaluasi, yang, dilakukan, diketahui, bahwa, peserta, memiliki, pengetahuan, baru, yang, berhubungan, dengan, teknologi, audit, dan, manajemen, energi]","[hasil, evaluasi, peserta, pengetahuan, teknologi, audit, manajemen, energi]","[hasil, evaluasi, peserta, tahu, teknologi, audit, manajemen, energi]","audit:1, energi:1, evaluasi:1, hasil:1, manajemen:1, peserta:1, tahu:1, teknologi:1",8,19
Doc 27,Penelitian ini bertujuan untuk mengkaji peran manajemen energi dalam meningkatkan efisiensi konsumsi listrik di sektor rumah tangga melalui pendekatan studi literatur.,penelitian ini bertujuan untuk mengkaji peran manajemen energi dalam meningkatkan efisiensi konsumsi listrik di sektor rumah tangga melalui pendekatan studi literatur,"[penelitian, ini, bertujuan, untuk, mengkaji, peran, manajemen, energi, dalam, meningkatkan, efisiensi, konsumsi, listrik, di, sektor, rumah, tangga, melalui, pendekatan, studi, literatur]","[penelitian, peran, manajemen, energi, meningkatkan, efisiensi, konsumsi, listrik, sektor, rumah, tangga, pendekatan, studi, literatur]","[peneliti, peran, manajemen, energi, tingkat, efisiensi, konsumsi, listrik, sektor, rumah, tangga, pendekat, studi, literatur]","efisiensi:1, energi:1, konsumsi:1, listrik:1, literatur:1, manajemen:1, pendekat:1, peneliti:1, peran:1, rumah:1, sektor:1, studi:1, tangga:1, tingkat:1",14,21
Doc 28,"Penerapan manajemen energi melalui edukasi literasi energi, pemanfaatan peralatan hemat energi, penerapan teknologi rumah pintar, sistem tarif berbasis waktu, serta integrasi energi terbarukan seperti panel surya atap terbukti mampu menekan pemborosan energi secara signifikan.",penerapan manajemen energi melalui edukasi literasi energi pemanfaatan peralatan hemat energi penerapan teknologi rumah pintar sistem tarif berbasis waktu serta integrasi energi terbarukan seperti panel surya atap terbukti mampu menekan pemborosan energi secara signifikan,"[penerapan, manajemen, energi, melalui, edukasi, literasi, energi, pemanfaatan, peralatan, hemat, energi, penerapan, teknologi, rumah, pintar, sistem, tarif, berbasis, waktu, serta, integrasi, energi, terbarukan, seperti, panel, surya, atap, terbukti, mampu, menekan, pemborosan, energi, secara, signifikan]","[penerapan, manajemen, energi, edukasi, literasi, energi, pemanfaatan, peralatan, hemat, energi, penerapan, teknologi, rumah, pintar, sistem, tarif, berbasis, waktu, integrasi, energi, terbarukan, panel, surya, atap, terbukti, mampu, menekan, pemborosan, energi, signifikan]","[terap, manajemen, energi, edukasi, literasi, energi, manfaat, alat, hemat, energi, terap, teknologi, rumah, pintar, sistem, tarif, basis, waktu, integrasi, energi, terbarukan, panel, surya, atap, bukti, mampu, tekan, boros, energi, signifikan]","energi:5, terap:2, alat:1, atap:1, basis:1, boros:1, bukti:1, edukasi:1, hemat:1, integrasi:1, literasi:1, mampu:1, manajemen:1, manfaat:1, panel:1, pintar:1, rumah:1, signifikan:1, sistem:1, surya:1, tarif:1, tekan:1, teknologi:1, terbarukan:1, waktu:1",25,34
Doc 29,Manajemen energi menjadi pendekatan strategis yang dapat digunakan untuk mengelola konsumsi listrik secara bijak dan efisien.,manajemen energi menjadi pendekatan strategis yang dapat digunakan untuk mengelola konsumsi listrik secara bijak dan efisien,"[manajemen, energi, menjadi, pendekatan, strategis, yang, dapat, digunakan, untuk, mengelola, konsumsi, listrik, secara, bijak, dan, efisien]","[manajemen, energi, pendekatan, strategis, mengelola, konsumsi, listrik, bijak, efisien]","[manajemen, energi, pendekat, strategi, kelola, konsumsi, listrik, bijak, efisien]","bijak:1, efisien:1, energi:1, kelola:1, konsumsi:1, listrik:1, manajemen:1, pendekat:1, strategi:1",9,16
Doc 30,"Manfaat dari penerapan manajemen energi telah terbukti melalui berbagai penelitian dan praktik di negara-negara lain, implementasinya di Indonesia masih menghadapi berbagai tantangan.",manfaat dari penerapan manajemen energi telah terbukti melalui berbagai penelitian dan praktik di negara negara lain implementasinya di indonesia masih menghadapi berbagai tantangan,"[manfaat, dari, penerapan, manajemen, energi, telah, terbukti, melalui, berbagai, penelitian, dan, praktik, di, negara, negara, lain, implementasinya, di, indonesia, masih, menghadapi, berbagai, tantangan]","[manfaat, penerapan, manajemen, energi, terbukti, penelitian, praktik, negara, negara, implementasinya, menghadapi, tantangan]","[manfaat, terap, manajemen, energi, bukti, peneliti, praktik, negara, negara, implementasi, menghadapi, tantang]","negara:2, bukti:1, energi:1, implementasi:1, manajemen:1, manfaat:1, menghadapi:1, peneliti:1, praktik:1, tantang:1, terap:1",11,23
Doc 31,"Oleh karena itu, perlu dilakukan kajian lebih lanjut untuk memahami bagaimana manajemen energi dapat diterapkan secara efektif di sektor rumah tangga di Indonesia.",oleh karena itu perlu dilakukan kajian lebih lanjut untuk memahami bagaimana manajemen energi dapat diterapkan secara efektif di sektor rumah tangga di indonesia,"[oleh, karena, itu, perlu, dilakukan, kajian, lebih, lanjut, untuk, memahami, bagaimana, manajemen, energi, dapat, diterapkan, secara, efektif, di, sektor, rumah, tangga, di, indonesia]","[perlu, kajian, memahami, manajemen, energi, efektif, sektor, rumah, tangga]","[perlu, kaji, paham, manajemen, energi, efektif, sektor, rumah, tangga]","efektif:1, energi:1, kaji:1, manajemen:1, paham:1, perlu:1, rumah:1, sektor:1, tangga:1",9,23
Doc 32,"Melalui kajian literatur ini, penulis bertujuan untuk merangkum dan menganalisis berbagai temuan ilmiah yang berkaitan dengan peran manajemen energi dalam meningkatkan efisiensi konsumsi listrik rumah tangga.",melalui kajian literatur ini penulis bertujuan untuk merangkum dan menganalisis berbagai temuan ilmiah yang berkaitan dengan peran manajemen energi dalam meningkatkan efisiensi konsumsi listrik rumah tangga,"[melalui, kajian, literatur, ini, penulis, bertujuan, untuk, merangkum, dan, menganalisis, berbagai, temuan, ilmiah, yang, berkaitan, dengan, peran, manajemen, energi, dalam, meningkatkan, efisiensi, konsumsi, listrik, rumah, tangga]","[kajian, literatur, penulis, temuan, ilmiah, peran, manajemen, energi, meningkatkan, efisiensi, konsumsi, listrik, rumah, tangga]","[kaji, literatur, penulis, temu, ilmiah, peran, manajemen, energi, tingkat, efisiensi, konsumsi, listrik, rumah, tangga]","efisiensi:1, energi:1, ilmiah:1, kaji:1, konsumsi:1, listrik:1, literatur:1, manajemen:1, penulis:1, peran:1, rumah:1, tangga:1, temu:1, tingkat:1",14,26
Doc 33,"Kajian literatur dilakukan dengan menelusuri dan menganalisis berbagai sumber ilmiah yang relevan, seperti jurnal, artikel, laporan pemerintah, buku, dan publikasi dari situs web resmi yang berkaitan dengan konsumsi listrik rumah tangga, efisiensi energi, serta manajemen energi di Indonesia.",kajian literatur dilakukan dengan menelusuri dan menganalisis berbagai sumber ilmiah yang relevan seperti jurnal artikel laporan pemerintah buku dan publikasi dari situs web resmi yang berkaitan dengan konsumsi listrik rumah tangga efisiensi energi serta manajemen energi di indonesia,"[kajian, literatur, dilakukan, dengan, menelusuri, dan, menganalisis, berbagai, sumber, ilmiah, yang, relevan, seperti, jurnal, artikel, laporan, pemerintah, buku, dan, publikasi, dari, situs, web, resmi, yang, berkaitan, dengan, konsumsi, listrik, rumah, tangga, efisiensi, energi, serta, manajemen, energi, di, indonesia]","[kajian, literatur, ilmiah, relevan, pemerintah, situs, web, resmi, konsumsi, listrik, rumah, tangga, efisiensi, energi, manajemen, energi]","[kaji, literatur, ilmiah, relev, pemerintah, situs, web, resmi, konsumsi, listrik, rumah, tangga, efisiensi, energi, manajemen, energi]","energi:2, efisiensi:1, ilmiah:1, kaji:1, konsumsi:1, listrik:1, literatur:1, manajemen:1, pemerintah:1, relev:1, resmi:1, rumah:1, situs:1, tangga:1, web:1",15,38
Doc 34,"Fokus kajian diarahkan pada studi yang membahas konsumsi listrik per kapita, perilaku energi masyarakat, penerapan teknologi efisiensi energi, dan kebijakan pemerintah terkait manajemen energi rumah tangga.",fokus kajian diarahkan pada studi yang membahas konsumsi listrik per kapita perilaku energi masyarakat penerapan teknologi efisiensi energi dan kebijakan pemerintah terkait manajemen energi rumah tangga,"[fokus, kajian, diarahkan, pada, studi, yang, membahas, konsumsi, listrik, per, kapita, perilaku, energi, masyarakat, penerapan, teknologi, efisiensi, energi, dan, kebijakan, pemerintah, terkait, manajemen, energi, rumah, tangga]","[fokus, kajian, studi, konsumsi, listrik, kapita, perilaku, energi, masyarakat, penerapan, teknologi, efisiensi, energi, kebijakan, pemerintah, manajemen, energi, rumah, tangga]","[fokus, kaji, studi, konsumsi, listrik, kapita, laku, energi, masyarakat, terap, teknologi, efisiensi, energi, bijak, pemerintah, manajemen, energi, rumah, tangga]","energi:3, bijak:1, efisiensi:1, fokus:1, kaji:1, kapita:1, konsumsi:1, laku:1, listrik:1, manajemen:1, masyarakat:1, pemerintah:1, rumah:1, studi:1, tangga:1, teknologi:1, terap:1",17,26
Doc 35,"Berdasarkan penelusuran jurnal menggunakan kata kunci seperti manajemen energi rumah tangga, konsumsi listrik Indonesia, efisiensi energi, dan energi terbarukan.",berdasarkan penelusuran jurnal menggunakan kata kunci seperti manajemen energi rumah tangga konsumsi listrik indonesia efisiensi energi dan energi terbarukan,"[berdasarkan, penelusuran, jurnal, menggunakan, kata, kunci, seperti, manajemen, energi, rumah, tangga, konsumsi, listrik, indonesia, efisiensi, energi, dan, energi, terbarukan]","[penelusuran, menggunakan, kata, kunci, manajemen, energi, rumah, tangga, konsumsi, listrik, efisiensi, energi, energi, terbarukan]","[penelusur, guna, kata, kunci, manajemen, energi, rumah, tangga, konsumsi, listrik, efisiensi, energi, energi, terbarukan]","energi:3, efisiensi:1, guna:1, kata:1, konsumsi:1, kunci:1, listrik:1, manajemen:1, penelusur:1, rumah:1, tangga:1, terbarukan:1",12,19
Doc 36,"Pemahaman terhadap konsumsi listrik per kapita menjadi sangat relevan untuk melihat dinamika kebutuhan energi masyarakat dari waktu ke waktu, serta menjadi dasar dalam merumuskan strategi manajemen energi yang lebih efisien dan berkelanjutan.",pemahaman terhadap konsumsi listrik per kapita menjadi sangat relevan untuk melihat dinamika kebutuhan energi masyarakat dari waktu ke waktu serta menjadi dasar dalam merumuskan strategi manajemen energi yang lebih efisien dan berkelanjutan,"[pemahaman, terhadap, konsumsi, listrik, per, kapita, menjadi, sangat, relevan, untuk, melihat, dinamika, kebutuhan, energi, masyarakat, dari, waktu, ke, waktu, serta, menjadi, dasar, dalam, merumuskan, strategi, manajemen, energi, yang, lebih, efisien, dan, berkelanjutan]","[pemahaman, konsumsi, listrik, kapita, relevan, melihat, dinamika, energi, masyarakat, waktu, waktu, dasar, strategi, manajemen, energi, efisien, berkelanjutan]","[pemaham, konsumsi, listrik, kapita, relev, melihat, dinamika, energi, masyarakat, waktu, waktu, dasar, strategi, manajemen, energi, efisien]","energi:2, waktu:2, dasar:1, dinamika:1, efisien:1, kapita:1, konsumsi:1, listrik:1, manajemen:1, masyarakat:1, melihat:1, pemaham:1, relev:1, strategi:1",14,32
Doc 37,"Data ini berfungsi sebagai indikator penting untuk melihat sejauh mana kebutuhan energi listrik masyarakat meningkat dari waktu ke waktu, sekaligus menjadi dasar dalam menganalisis urgensi penerapan manajemen energi yang lebih efisien.",data ini berfungsi sebagai indikator penting untuk melihat sejauh mana kebutuhan energi listrik masyarakat meningkat dari waktu ke waktu sekaligus menjadi dasar dalam menganalisis urgensi penerapan manajemen energi yang lebih efisien,"[data, ini, berfungsi, sebagai, indikator, penting, untuk, melihat, sejauh, mana, kebutuhan, energi, listrik, masyarakat, meningkat, dari, waktu, ke, waktu, sekaligus, menjadi, dasar, dalam, menganalisis, urgensi, penerapan, manajemen, energi, yang, lebih, efisien]","[data, indikator, penting, melihat, sejauh, energi, listrik, masyarakat, waktu, waktu, dasar, urgensi, penerapan, manajemen, energi, efisien]","[data, indikator, penting, melihat, sejauh, energi, listrik, masyarakat, waktu, waktu, dasar, urgensi, terap, manajemen, energi, efisien]","energi:2, waktu:2, dasar:1, data:1, efisien:1, indikator:1, listrik:1, manajemen:1, masyarakat:1, melihat:1, penting:1, sejauh:1, terap:1, urgensi:1",14,31
Doc 38,"Meningkatkan konsumsi listrik memang menjadi bagian dari proses pembangunan, namun harus diiringi dengan strategi manajemen energi yang efektif agar pertumbuhan tersebut tidak berujung pada pemborosan atau krisis energi.",meningkatkan konsumsi listrik memang menjadi bagian dari proses pembangunan namun harus diiringi dengan strategi manajemen energi yang efektif agar pertumbuhan tersebut tidak berujung pada pemborosan atau krisis energi,"[meningkatkan, konsumsi, listrik, memang, menjadi, bagian, dari, proses, pembangunan, namun, harus, diiringi, dengan, strategi, manajemen, energi, yang, efektif, agar, pertumbuhan, tersebut, tidak, berujung, pada, pemborosan, atau, krisis, energi]","[meningkatkan, konsumsi, listrik, proses, pembangunan, diiringi, strategi, manajemen, energi, efektif, pertumbuhan, berujung, pemborosan, krisis, energi]","[tingkat, konsumsi, listrik, proses, bangun, diiringi, strategi, manajemen, energi, efektif, tumbuh, berujung, boros, krisis, energi]","energi:2, bangun:1, berujung:1, boros:1, diiringi:1, efektif:1, konsumsi:1, krisis:1, listrik:1, manajemen:1, proses:1, strategi:1, tingkat:1, tumbuh:1",14,28
Doc 39,"Oleh karena itu, penerapan manajemen energi di sektor rumah tangga menjadi sangat krusial.",oleh karena itu penerapan manajemen energi di sektor rumah tangga menjadi sangat krusial,"[oleh, karena, itu, penerapan, manajemen, energi, di, sektor, rumah, tangga, menjadi, sangat, krusial]","[penerapan, manajemen, energi, sektor, rumah, tangga, krusial]","[terap, manajemen, energi, sektor, rumah, tangga, krusial]","energi:1, krusial:1, manajemen:1, rumah:1, sektor:1, tangga:1, terap:1",7,13
Doc 40,"Untuk mengatasi tantangan krisis energi dan terus meningkatnya konsumsi listrik rumah tangga, penerapan manajemen energi menjadi sebuah solusi strategis yang tidak hanya berorientasi pada penghematan biaya, tetapi juga mendukung keberlanjutan lingkungan dan ketahanan energi nasional.",untuk mengatasi tantangan krisis energi dan terus meningkatnya konsumsi listrik rumah tangga penerapan manajemen energi menjadi sebuah solusi strategis yang tidak hanya berorientasi pada penghematan biaya tetapi juga mendukung keberlanjutan lingkungan dan ketahanan energi nasional,"[untuk, mengatasi, tantangan, krisis, energi, dan, terus, meningkatnya, konsumsi, listrik, rumah, tangga, penerapan, manajemen, energi, menjadi, sebuah, solusi, strategis, yang, tidak, hanya, berorientasi, pada, penghematan, biaya, tetapi, juga, mendukung, keberlanjutan, lingkungan, dan, ketahanan, energi, nasional]","[mengatasi, tantangan, krisis, energi, meningkatnya, konsumsi, listrik, rumah, tangga, penerapan, manajemen, energi, strategis, berorientasi, penghematan, biaya, mendukung, keberlanjutan, lingkungan, ketahanan, energi, nasional]","[atasi, tantang, krisis, energi, tingkat, konsumsi, listrik, rumah, tangga, terap, manajemen, energi, strategi, berorientasi, hemat, biaya, dukung, lingkungan, tahan, energi, nasional]","energi:3, atasi:1, berorientasi:1, biaya:1, dukung:1, hemat:1, konsumsi:1, krisis:1, lingkungan:1, listrik:1, manajemen:1, nasional:1, rumah:1, strategi:1, tahan:1, tangga:1, tantang:1, terap:1, tingkat:1",19,35
Doc 41,"Manajemen energi adalah suatu pendekatan terencana dan sistematis dalam mengatur, memantau, serta mengoptimalkan penggunaan energi dengan tujuan untuk mengurangi pemborosan tanpa mengurangi kenyamanan atau produktivitas pengguna.",manajemen energi adalah suatu pendekatan terencana dan sistematis dalam mengatur memantau serta mengoptimalkan penggunaan energi dengan tujuan untuk mengurangi pemborosan tanpa mengurangi kenyamanan atau produktivitas pengguna,"[manajemen, energi, adalah, suatu, pendekatan, terencana, dan, sistematis, dalam, mengatur, memantau, serta, mengoptimalkan, penggunaan, energi, dengan, tujuan, untuk, mengurangi, pemborosan, tanpa, mengurangi, kenyamanan, atau, produktivitas, pengguna]","[manajemen, energi, pendekatan, terencana, sistematis, mengatur, memantau, mengoptimalkan, penggunaan, energi, tujuan, mengurangi, pemborosan, tanpa, mengurangi, kenyamanan, produktivitas, pengguna]","[manajemen, energi, pendekat, rencana, sistematis, mengatur, pantau, optimal, guna, energi, tuju, kurang, boros, tanpa, kurang, kenyaman, produktivitas, pengguna]","energi:2, kurang:2, boros:1, guna:1, kenyaman:1, manajemen:1, mengatur:1, optimal:1, pantau:1, pendekat:1, pengguna:1, produktivitas:1, rencana:1, sistematis:1, tanpa:1, tuju:1",16,26
Doc 42,"Dalam konteks rumah tangga, manajemen energi memiliki ruang lingkup yang luas, mulai dari perubahan perilaku individu, pemanfaatan teknologi yang efisien, hingga dukungan kebijakan dari pemerintah.",dalam konteks rumah tangga manajemen energi memiliki ruang lingkup yang luas mulai dari perubahan perilaku individu pemanfaatan teknologi yang efisien hingga dukungan kebijakan dari pemerintah,"[dalam, konteks, rumah, tangga, manajemen, energi, memiliki, ruang, lingkup, yang, luas, mulai, dari, perubahan, perilaku, individu, pemanfaatan, teknologi, yang, efisien, hingga, dukungan, kebijakan, dari, pemerintah]","[konteks, rumah, tangga, manajemen, energi, ruang, lingkup, luas, mulai, perubahan, perilaku, individu, pemanfaatan, teknologi, efisien, dukungan, kebijakan, pemerintah]","[konteks, rumah, tangga, manajemen, energi, ruang, lingkup, luas, mulai, ubah, laku, individu, manfaat, teknologi, efisien, dukung, bijak, pemerintah]","bijak:1, dukung:1, efisien:1, energi:1, individu:1, konteks:1, laku:1, lingkup:1, luas:1, manajemen:1, manfaat:1, mulai:1, pemerintah:1, ruang:1, rumah:1, tangga:1, teknologi:1, ubah:1",18,25
Doc 43,Salah satu langkah awal dalam menerapkan manajemen energi adalah peningkatan literasi energi masyarakat.,salah satu langkah awal dalam menerapkan manajemen energi adalah peningkatan literasi energi masyarakat,"[salah, satu, langkah, awal, dalam, menerapkan, manajemen, energi, adalah, peningkatan, literasi, energi, masyarakat]","[langkah, awal, menerapkan, manajemen, energi, peningkatan, literasi, energi, masyarakat]","[lang, awal, terap, manajemen, energi, tingkat, literasi, energi, masyarakat]","energi:2, awal:1, lang:1, literasi:1, manajemen:1, masyarakat:1, terap:1, tingkat:1",8,13
Doc 44,"Di sisi teknis, pengembangan dan penerapan teknologi pintar menjadi terobosan yang signifikan dalam manajemen energi rumah tangga.",di sisi teknis pengembangan dan penerapan teknologi pintar menjadi terobosan yang signifikan dalam manajemen energi rumah tangga,"[di, sisi, teknis, pengembangan, dan, penerapan, teknologi, pintar, menjadi, terobosan, yang, signifikan, dalam, manajemen, energi, rumah, tangga]","[sisi, teknis, pengembangan, penerapan, teknologi, pintar, terobosan, signifikan, manajemen, energi, rumah, tangga]","[sisi, teknis, kembang, terap, teknologi, pintar, terobos, signifikan, manajemen, energi, rumah, tangga]","energi:1, kembang:1, manajemen:1, pintar:1, rumah:1, signifikan:1, sisi:1, tangga:1, teknis:1, teknologi:1, terap:1, terobos:1",12,17
Doc 45,Pemerintah juga memiliki peran penting dalam menciptakan iklim yang kondusif bagi implementasi manajemen energi.,pemerintah juga memiliki peran penting dalam menciptakan iklim yang kondusif bagi implementasi manajemen energi,"[pemerintah, juga, memiliki, peran, penting, dalam, menciptakan, iklim, yang, kondusif, bagi, implementasi, manajemen, energi]","[pemerintah, peran, penting, menciptakan, iklim, kondusif, implementasi, manajemen, energi]","[pemerintah, peran, penting, cipta, iklim, kondusif, implementasi, manajemen, energi]","cipta:1, energi:1, iklim:1, implementasi:1, kondusif:1, manajemen:1, pemerintah:1, penting:1, peran:1",9,14
Doc 46,"Selain pendekatan efisiensi, integrasi energi terbarukan juga merupakan bagian dari solusi manajemen energi yang berkelanjutan.",selain pendekatan efisiensi integrasi energi terbarukan juga merupakan bagian dari solusi manajemen energi yang berkelanjutan,"[selain, pendekatan, efisiensi, integrasi, energi, terbarukan, juga, merupakan, bagian, dari, solusi, manajemen, energi, yang, berkelanjutan]","[pendekatan, efisiensi, integrasi, energi, terbarukan, manajemen, energi, berkelanjutan]","[pendekat, efisiensi, integrasi, energi, terbarukan, manajemen, energi]","energi:2, efisiensi:1, integrasi:1, manajemen:1, pendekat:1, terbarukan:1",6,15
Doc 47,Keberhasilan manajemen energi tidak dapat dicapai hanya melalui pendekatan teknologi dan kebijakan semata.,keberhasilan manajemen energi tidak dapat dicapai hanya melalui pendekatan teknologi dan kebijakan semata,"[keberhasilan, manajemen, energi, tidak, dapat, dicapai, hanya, melalui, pendekatan, teknologi, dan, kebijakan, semata]","[keberhasilan, manajemen, energi, dicapai, pendekatan, teknologi, kebijakan, semata]","[hasil, manajemen, energi, capai, pendekat, teknologi, bijak, semata]","bijak:1, capai:1, energi:1, hasil:1, manajemen:1, pendekat:1, semata:1, teknologi:1",8,13
Doc 48,"Secara keseluruhan, manajemen energi di sektor rumah tangga bukan hanya menjadi alat untuk mengatasi lonjakan konsumsi listrik, tetapi juga merupakan fondasi penting bagi pembangunan masa depan yang berwawasan lingkungan.",secara keseluruhan manajemen energi di sektor rumah tangga bukan hanya menjadi alat untuk mengatasi lonjakan konsumsi listrik tetapi juga merupakan fondasi penting bagi pembangunan masa depan yang berwawasan lingkungan,"[secara, keseluruhan, manajemen, energi, di, sektor, rumah, tangga, bukan, hanya, menjadi, alat, untuk, mengatasi, lonjakan, konsumsi, listrik, tetapi, juga, merupakan, fondasi, penting, bagi, pembangunan, masa, depan, yang, berwawasan, lingkungan]","[keseluruhan, manajemen, energi, sektor, rumah, tangga, alat, mengatasi, lonjakan, konsumsi, listrik, fondasi, penting, pembangunan, masa, depan, berwawasan, lingkungan]","[keseluruh, manajemen, energi, sektor, rumah, tangga, alat, atasi, lonja, konsumsi, listrik, fondasi, penting, bangun, masa, depan, wawas, lingkungan]","alat:1, atasi:1, bangun:1, depan:1, energi:1, fondasi:1, keseluruh:1, konsumsi:1, lingkungan:1, listrik:1, lonja:1, manajemen:1, masa:1, penting:1, rumah:1, sektor:1, tangga:1, wawas:1",18,29
Doc 49,"Dengan penerapan solusi manajemen energi yang terstruktur dan berorientasi jangka panjang, Indonesia dapat mengurangi ketergantungan terhadap energi fosil, menghemat sumber daya nasional, serta berkontribusi aktif dalam agenda global pengurangan emisi dan pembangunan berkelanjutan.",dengan penerapan solusi manajemen energi yang terstruktur dan berorientasi jangka panjang indonesia dapat mengurangi ketergantungan terhadap energi fosil menghemat sumber daya nasional serta berkontribusi aktif dalam agenda global pengurangan emisi dan pembangunan berkelanjutan,"[dengan, penerapan, solusi, manajemen, energi, yang, terstruktur, dan, berorientasi, jangka, panjang, indonesia, dapat, mengurangi, ketergantungan, terhadap, energi, fosil, menghemat, sumber, daya, nasional, serta, berkontribusi, aktif, dalam, agenda, global, pengurangan, emisi, dan, pembangunan, berkelanjutan]","[penerapan, manajemen, energi, berorientasi, jangka, panjang, mengurangi, ketergantungan, energi, fosil, menghemat, daya, nasional, berkontribusi, aktif, agenda, global, pengurangan, emisi, pembangunan, berkelanjutan]","[terap, manajemen, energi, berorientasi, jangka, panjang, kurang, gantung, energi, fosil, hemat, daya, nasional, berkontribusi, aktif, agenda, global, kurang, emisi, bangun]","energi:2, kurang:2, agenda:1, aktif:1, bangun:1, berkontribusi:1, berorientasi:1, daya:1, emisi:1, fosil:1, gantung:1, global:1, hemat:1, jangka:1, manajemen:1, nasional:1, panjang:1, terap:1",18,33
Doc 50,"Penerapan manajemen energi terbukti mampu menekan pemborosan energi melalui berbagai strategi seperti edukasi literasi energi, penggunaan peralatan hemat energi berlabel SNI, pengembangan teknologi rumah pintar, serta integrasi energi terbarukan seperti panel surya atap.",penerapan manajemen energi terbukti mampu menekan pemborosan energi melalui berbagai strategi seperti edukasi literasi energi penggunaan peralatan hemat energi berlabel sni pengembangan teknologi rumah pintar serta integrasi energi terbarukan seperti panel surya atap,"[penerapan, manajemen, energi, terbukti, mampu, menekan, pemborosan, energi, melalui, berbagai, strategi, seperti, edukasi, literasi, energi, penggunaan, peralatan, hemat, energi, berlabel, sni, pengembangan, teknologi, rumah, pintar, serta, integrasi, energi, terbarukan, seperti, panel, surya, atap]","[penerapan, manajemen, energi, terbukti, mampu, menekan, pemborosan, energi, strategi, edukasi, literasi, energi, penggunaan, peralatan, hemat, energi, berlabel, pengembangan, teknologi, rumah, pintar, integrasi, energi, terbarukan, panel, surya, atap]","[terap, manajemen, energi, bukti, mampu, tekan, boros, energi, strategi, edukasi, literasi, energi, guna, alat, hemat, energi, berlabel, kembang, teknologi, rumah, pintar, integrasi, energi, terbarukan, panel, surya, atap]","energi:5, alat:1, atap:1, berlabel:1, boros:1, bukti:1, edukasi:1, guna:1, hemat:1, integrasi:1, kembang:1, literasi:1, mampu:1, manajemen:1, panel:1, pintar:1, rumah:1, strategi:1, surya:1, tekan:1, teknologi:1, terap:1, terbarukan:1",23,33
Doc 51,"Dengan demikian, manajemen energi tidak hanya menjawab tantangan peningkatan kebutuhan listrik, tetapi juga memperkuat ketahanan energi nasional sekaligus mendukung upaya pengurangan emisi karbon demi pembangunan berkelanjutan.",dengan demikian manajemen energi tidak hanya menjawab tantangan peningkatan kebutuhan listrik tetapi juga memperkuat ketahanan energi nasional sekaligus mendukung upaya pengurangan emisi karbon demi pembangunan berkelanjutan,"[dengan, demikian, manajemen, energi, tidak, hanya, menjawab, tantangan, peningkatan, kebutuhan, listrik, tetapi, juga, memperkuat, ketahanan, energi, nasional, sekaligus, mendukung, upaya, pengurangan, emisi, karbon, demi, pembangunan, berkelanjutan]","[manajemen, energi, menjawab, tantangan, peningkatan, listrik, memperkuat, ketahanan, energi, nasional, mendukung, pengurangan, emisi, karbon, demi, pembangunan, berkelanjutan]","[manajemen, energi, menjawab, tantang, tingkat, listrik, memperkuat, tahan, energi, nasional, dukung, kurang, emisi, karbon, demi, bangun]","energi:2, bangun:1, demi:1, dukung:1, emisi:1, karbon:1, kurang:1, listrik:1, manajemen:1, memperkuat:1, menjawab:1, nasional:1, tahan:1, tantang:1, tingkat:1",15,26
Doc 52,Penelitian tentang manajemen energi dan audit energi sudah banyak dilakukan diberbagai bidang seperti dibidang kesehatan dan dibidang pendidikan dan dibidang industri.,penelitian tentang manajemen energi dan audit energi sudah banyak dilakukan diberbagai bidang seperti dibidang kesehatan dan dibidang pendidikan dan dibidang industri,"[penelitian, tentang, manajemen, energi, dan, audit, energi, sudah, banyak, dilakukan, diberbagai, bidang, seperti, dibidang, kesehatan, dan, dibidang, pendidikan, dan, dibidang, industri]","[penelitian, manajemen, energi, audit, energi, banyak, diberbagai, bidang, dibidang, kesehatan, dibidang, pendidikan, dibidang, industri]","[peneliti, manajemen, energi, audit, energi, banyak, diberbagai, bidang, dibidang, sehat, dibidang, didik, dibidang, industri]","dibidang:3, energi:2, audit:1, banyak:1, bidang:1, diberbagai:1, didik:1, industri:1, manajemen:1, peneliti:1, sehat:1",11,21
Doc 53,Efisiensi penggunaan energi masih mungkin ditingkatkan melalui penerapan sistem manajemen energi.,efisiensi penggunaan energi masih mungkin ditingkatkan melalui penerapan sistem manajemen energi,"[efisiensi, penggunaan, energi, masih, mungkin, ditingkatkan, melalui, penerapan, sistem, manajemen, energi]","[efisiensi, penggunaan, energi, ditingkatkan, penerapan, sistem, manajemen, energi]","[efisiensi, guna, energi, tingkat, terap, sistem, manajemen, energi]","energi:2, efisiensi:1, guna:1, manajemen:1, sistem:1, terap:1, tingkat:1",7,11
Doc 54,Agar dilakukan peninjauan ulang atas semua instalasi dan peralatan energi serta penerapan manajemen energi dalam pengelolaan bangunan.,agar dilakukan peninjauan ulang atas semua instalasi dan peralatan energi serta penerapan manajemen energi dalam pengelolaan bangunan,"[agar, dilakukan, peninjauan, ulang, atas, semua, instalasi, dan, peralatan, energi, serta, penerapan, manajemen, energi, dalam, pengelolaan, bangunan]","[peninjauan, ulang, instalasi, peralatan, energi, penerapan, manajemen, energi, pengelolaan, bangunan]","[tinjau, ulang, instalasi, alat, energi, terap, manajemen, energi, kelola, bangunan]","energi:2, alat:1, bangunan:1, instalasi:1, kelola:1, manajemen:1, terap:1, tinjau:1, ulang:1",9,17
Doc 55,Pengoperasian peralatan energi dilakukan dengan prinsip manajemen energi.,pengoperasian peralatan energi dilakukan dengan prinsip manajemen energi,"[pengoperasian, peralatan, energi, dilakukan, dengan, prinsip, manajemen, energi]","[pengoperasian, peralatan, energi, prinsip, manajemen, energi]","[operasi, alat, energi, prinsip, manajemen, energi]","energi:2, alat:1, manajemen:1, operasi:1, prinsip:1",5,8
Doc 56,Efisiensi penggunaan energi masih mungkin ditingkatkan melalui penerapan sistem manajemen energi terpadu.,efisiensi penggunaan energi masih mungkin ditingkatkan melalui penerapan sistem manajemen energi terpadu,"[efisiensi, penggunaan, energi, masih, mungkin, ditingkatkan, melalui, penerapan, sistem, manajemen, energi, terpadu]","[efisiensi, penggunaan, energi, ditingkatkan, penerapan, sistem, manajemen, energi, terpadu]","[efisiensi, guna, energi, tingkat, terap, sistem, manajemen, energi, padu]","energi:2, efisiensi:1, guna:1, manajemen:1, padu:1, sistem:1, terap:1, tingkat:1",8,12
Doc 57,Agar ditinjau ulang atas semua instalasi dan peralatan energi serta penerapan manajemen energi dalam pengelolaan bangunan.,agar ditinjau ulang atas semua instalasi dan peralatan energi serta penerapan manajemen energi dalam pengelolaan bangunan,"[agar, ditinjau, ulang, atas, semua, instalasi, dan, peralatan, energi, serta, penerapan, manajemen, energi, dalam, pengelolaan, bangunan]","[ditinjau, ulang, instalasi, peralatan, energi, penerapan, manajemen, energi, pengelolaan, bangunan]","[ditinjau, ulang, instalasi, alat, energi, terap, manajemen, energi, kelola, bangunan]","energi:2, alat:1, bangunan:1, ditinjau:1, instalasi:1, kelola:1, manajemen:1, terap:1, ulang:1",9,16
Doc 58,"Pembiayaan energi listrik paling besar persentasenya dibandingkan dengan energi yang lain, sehingga dalam pembahasan ini terfokus pada manajemen energi listrik di RSUD Kabupaten Klungkung.",pembiayaan energi listrik paling besar persentasenya dibandingkan dengan energi yang lain sehingga dalam pembahasan ini terfokus pada manajemen energi listrik di rsud kabupaten klungkung,"[pembiayaan, energi, listrik, paling, besar, persentasenya, dibandingkan, dengan, energi, yang, lain, sehingga, dalam, pembahasan, ini, terfokus, pada, manajemen, energi, listrik, di, rsud, kabupaten, klungkung]","[pembiayaan, energi, listrik, besar, persentasenya, dibandingkan, energi, pembahasan, manajemen, energi, listrik, kabupaten]","[biaya, energi, listrik, besar, dibanding, energi, pembahas, manajemen, energi, listrik, kabupaten]","energi:3, listrik:2, besar:1, biaya:1, dibanding:1, kabupaten:1, manajemen:1, pembahas:1",8,24
