https://ejournal.unitomo.ac.id/index.php/akuntansi/article/view/7738,,,,,,,,,,,,,,,,,,,,,,,,,,,,,,
"Tujuan dari penelitian ini adalah untuk mengeksplorasi dampak Akuntansi hijau terhadap kinerja lingkungan, dengan manajemen energi sebagai mediatornya. ",,,,,,,,,,,,,,,,,,,,,,,,,,,,,,
"Penelitian sebelumnya menunjukkan bahwa ketika efisiensi energi dianggap strategis, perusahaan cenderung memiliki tingkat manajemen energi yang tinggi. ",,,,,,,,,,,,,,,,,,,,,,,,,,,,,,
Aspek lain dari manajemen energi telah berkembang dari efisiensi biaya murni menjadi efisiensi kualitas dan produktivitas dan sedang dalam transisi menuju efisiensi kinerja lingkungan.,,,,,,,,,,,,,,,,,,,,,,,,,,,,,,
"Di sisi lain, diketahui bahwa sistem manajemen energi mampu menjamin kualitas lingkungan dalam ruangan sekaligus memberikan efisiensi energi (Kumar et al., 2016).",,,,,,,,,,,,,,,,,,,,,,,,,,,,,,
"Hal ini menunjukkan bahwa sistem manajemen energi membantu menyediakan lingkungan dalam ruangan yang berkualitas, dan meningkatkan kepuasan karyawan atau pelanggan. ",,,,,,,,,,,,,,,,,,,,,,,,,,,,,,
Pengaruh antara akuntansi hijau dan kinerja berkelanjutan UMKM dimediasi oleh manajemen energi,,,,,,,,,,,,,,,,,,,,,,,,,,,,,,
"Hasil penelitian ini sejalan dengan temuan Rahman dan Islam, (2023) bahwa manajemen energi dapat memediasi pengaruh akuntansi hijau terhadap kinerja berkelanjutan.",,,,,,,,,,,,,,,,,,,,,,,,,,,,,,
Manajemen energi dapat memediasi pengaruh akuntansi hijau terhadap kinerja lingkungan UMKM,,,,,,,,,,,,,,,,,,,,,,,,,,,,,,
Hasil penelitian ini menunjukkan bahwa penerapan akuntansi hijau dan manajemen energi menunjukkan keberlangsungan bisnis UMKM,,,,,,,,,,,,,,,,,,,,,,,,,,,,,,
"Di sisi lain, diketahui bahwa sistem manajemen energi mampu menjamin kualitas lingkungan dalam ruangan sekaligus memberikan efisiensi energi (Kumar et al., 2016).",,,,,,,,,,,,,,,,,,,,,,,,,,,,,,
"Hal ini menunjukkan bahwa sistem manajemen energi membantu menyediakan lingkungan dalam ruangan yang berkualitas, yang pada gilirannya meningkatkan kepuasan karyawan dan pelanggan.",,,,,,,,,,,,,,,,,,,,,,,,,,,,,,
"Berdasarkan UMKM di Jawa Timur, akuntansi hijau dan manajemen energi dapat meningkatkan kinerja UMKM secara berkelanjutan",,,,,,,,,,,,,,,,,,,,,,,,,,,,,,
,,,,,,,,,,,,,,,,,,,,,,,,,,,,,,
,,,,,,,,,,,,,,,,,,,,,,,,,,,,,,
https://jss.lppm.unila.ac.id/index.php/ojs/article/view/229,,,,,,,,,,,,,,,,,,,,,,,,,,,,,,
Edukasi ini dapat dilakukan melalui penyampaian materi dan praktik kepada masyarakat (peserta) yang sesuai kompetensinya bagaimana cara audit dan memanajemen energi listrik agar efisien sesuai dengan fungsi dan kegunaannya.   ,,,,,,,,,,,,,,,,,,,,,,,,,,,,,,
Edukasi ini juga mendorong ketertarikan peserta untuk melakukan inovasi dibidang teknologi khususnya teknologi audit manajemen energi berbasis Internet of Things (IoT).,,,,,,,,,,,,,,,,,,,,,,,,,,,,,,
Kegiatan ini berupa praktik audit dan manajemen energi berbasis IoT yang bertujuan untuk menyebarkan hasil penelitian kepada masyarakat sebagai upaya terlaksana program konservasi energi dan memberikan kesadaran masyarakat untuk berprilaku hemat energi dan menggunakan peralatan listrik sesuai Standar.,,,,,,,,,,,,,,,,,,,,,,,,,,,,,,
Pada penelitian yang telah dilakukan mengenai pemanfaatan teknologi IoT dalam rangka audit energi dan manajemen energi listrik menghasilkan sebuah prototype yang dapat mengukur besarnya konsumsi energi listrik dengan komponen utama Kwh meter digital. Gambar 1. adalah Prototype yang dapat mengukur besarnya konsumsi energi listrik dengan komponen utama KwH Meter digital.,,,,,,,,,,,,,,,,,,,,,,,,,,,,,,
"Jika ditemukan adanya indikasi pemborosan atau tidak sesuai dengan standar, maka tindakan manajemen energi perlu dilakukan. Manajamen energi ini dapat dilakukan oleh siapa saja yang memiliki pengetahuan dasar dibidang teknik elektro.",,,,,,,,,,,,,,,,,,,,,,,,,,,,,,
Edukasi dalam bentuk praktik langsung merupakan hal yang paling tepat agar masyarakat dapat mengetahui tentang audit dan manajemen energi ini. ,,,,,,,,,,,,,,,,,,,,,,,,,,,,,,
Analisis pada pretest didapatkan kemampuan awal peserta pelatihan tergolong kurang terutama pada poin audit energi dan manajemen energi.,,,,,,,,,,,,,,,,,,,,,,,,,,,,,,
Pelatihan ini berupa praktik langsung untuk mengetahui konsumsi energi pada SMK N 2 Bandar Lampung. Kemampuan awal peserta masih kurang terutama pada poin audit dan manajemen energi.,,,,,,,,,,,,,,,,,,,,,,,,,,,,,,
"Setelah dilaksanakan pretest, kegiatan selanjutnya pemaparan materi audit dan manajemen energi oleh Tim Pengabdian.",,,,,,,,,,,,,,,,,,,,,,,,,,,,,,
Selanjutnya dilaksanakan praktik audit dan manajemen energi yang langsung dilakukan oleh peserta pelatihan,,,,,,,,,,,,,,,,,,,,,,,,,,,,,,
). Hasil audit energi ini dapat langsung dicetak dan digunakan sebagai referensi dalam memebrikan rekomendasi untuk keperluan manajemen energi.  ,,,,,,,,,,,,,,,,,,,,,,,,,,,,,,
Kegiatan ini dapat meningkatkan kemampuan peserta dalam melakukan audit dan manajemen energi dari yang kurang menjadi lebih baik.,,,,,,,,,,,,,,,,,,,,,,,,,,,,,,
Dari pelaksanaan kegiatan pelatihan aplikasi teknologi Internet of Things untuk audit dan manajemen energi bagi siswa SMK dalam rangka konservasi dan efisiensi energi didapatkan kesimpulan sebagai berikut: ,,,,,,,,,,,,,,,,,,,,,,,,,,,,,,
Berdasarkan hasil evaluasi yang dilakukan diketahui bahwa peserta memiliki pengetahuan baru yang berhubungan dengan teknologi audit dan manajemen energi. ,,,,,,,,,,,,,,,,,,,,,,,,,,,,,,
,,,,,,,,,,,,,,,,,,,,,,,,,,,,,,
,,,,,,,,,,,,,,,,,,,,,,,,,,,,,,
,,,,,,,,,,,,,,,,,,,,,,,,,,,,,,
https://jurnal.umj.ac.id/index.php/semnastek/article/view/27602,,,,,,,,,,,,,,,,,,,,,,,,,,,,,,
Penelitian ini bertujuan untuk mengkaji peran manajemen energi dalam meningkatkan efisiensi konsumsi listrik di sektor rumah tangga melalui pendekatan studi literatur.,,,,,,,,,,,,,,,,,,,,,,,,,,,,,,
"). Penerapan manajemen energi melalui edukasi literasi energi, pemanfaatan peralatan hemat energi, penerapan teknologi rumah pintar, sistem tarif berbasis waktu, serta integrasi energi terbarukan seperti panel surya atap terbukti mampu menekan pemborosan energi secara signifikan.",,,,,,,,,,,,,,,,,,,,,,,,,,,,,,
"Manajemen energi menjadi pendekatan strategis yang dapat digunakan untuk mengelola konsumsi listrik secara bijak dan efisien (Hidayatullah, 2018).",,,,,,,,,,,,,,,,,,,,,,,,,,,,,,
"Manfaat dari penerapan manajemen energi telah terbukti melalui berbagai penelitian dan praktik di negara-negara lain, implementasinya di Indonesia masih menghadapi berbagai tantangan",,,,,,,,,,,,,,,,,,,,,,,,,,,,,,
"Oleh karena itu, perlu dilakukan kajian lebih lanjut untuk memahami bagaimana manajemen energi dapat diterapkan secara efektif di sektor rumah tangga di Indonesia",,,,,,,,,,,,,,,,,,,,,,,,,,,,,,
"Melalui kajian literatur ini, penulis bertujuan untuk merangkum dan menganalisis berbagai temuan ilmiah yang berkaitan dengan peran manajemen energi dalam meningkatkan efisiensi konsumsi listrik rumah tangga.",,,,,,,,,,,,,,,,,,,,,,,,,,,,,,
"Kajian literatur dilakukan dengan menelusuri dan menganalisis berbagai sumber ilmiah yang relevan, seperti jurnal, artikel, laporan pemerintah, buku, dan publikasi dari situs web resmi yang berkaitan dengan konsumsi listrik rumah tangga, efisiensi energi, serta manajemen energi di Indonesia.",,,,,,,,,,,,,,,,,,,,,,,,,,,,,,
"Fokus kajian diarahkan pada studi yang membahas konsumsi listrik per kapita, perilaku energi masyarakat, penerapan teknologi efisiensi energi, dan kebijakan pemerintah terkait manajemen energi rumah tangga.",,,,,,,,,,,,,,,,,,,,,,,,,,,,,,
"Berdasarkan penelusuran jurnal melalui situs seperti Google Scholar dan beberapa data base jurnal seperti Portal Garuda, PubMed, dan ScienceDirect, menggunakan kata kunci seperti: manajemen energi rumah tangga, konsumsi listrik Indonesia, efisiensi energi, dan energi terbarukan.",,,,,,,,,,,,,,,,,,,,,,,,,,,,,,
"Dalam konteks ini, pemahaman terhadap konsumsi listrik per kapita menjadi sangat relevan untuk melihat dinamika kebutuhan energi masyarakat dari waktu ke waktu, serta menjadi dasar dalam merumuskan strategi manajemen energi yang lebih efisien dan berkelanjutan",,,,,,,,,,,,,,,,,,,,,,,,,,,,,,
"Data ini berfungsi sebagai indikator penting untuk melihat sejauh mana kebutuhan energi listrik masyarakat meningkat dari waktu ke waktu, sekaligus menjadi dasar dalam menganalisis urgensi penerapan manajemen energi yang lebih efisien. Tabel berikut menyajikan perkembangan konsumsi listrik per kapita dari tahun 2013 hingga 2023.",,,,,,,,,,,,,,,,,,,,,,,,,,,,,,
"Meningkatkan konsumsi listrik memang menjadi bagian dari proses pembangunan, namun harus diiringi dengan strategi manajemen energi yang efektif agar pertumbuhan tersebut tidak berujung pada pemborosan atau krisis energi.",,,,,,,,,,,,,,,,,,,,,,,,,,,,,,
". Oleh karena itu, penerapan manajemen energi di sektor rumah tangga menjadi sangat krusial",,,,,,,,,,,,,,,,,,,,,,,,,,,,,,
"Untuk mengatasi tantangan krisis energi dan terus meningkatnya konsumsi listrik rumah tangga, penerapan manajemen energi menjadi sebuah solusi strategis yang tidak hanya berorientasi pada penghematan biaya, tetapi juga mendukung keberlanjutan lingkungan dan ketahanan energi nasional",,,,,,,,,,,,,,,,,,,,,,,,,,,,,,
"Manajemen energi adalah suatu pendekatan terencana dan sistematis dalam mengatur, memantau, serta mengoptimalkan penggunaan energi dengan tujuan untuk mengurangi pemborosan tanpa mengurangi kenyamanan atau produktivitas pengguna.",,,,,,,,,,,,,,,,,,,,,,,,,,,,,,
"Dalam konteks rumah tangga, manajemen energi memiliki ruang lingkup yang luas, mulai dari perubahan perilaku individu, pemanfaatan teknologi yang efisien, hingga dukungan kebijakan dari pemerintah (Ahmad et al., 2024).",,,,,,,,,,,,,,,,,,,,,,,,,,,,,,
Salah satu langkah awal dalam menerapkan manajemen energi adalah peningkatan literasi energi masyarakat.,,,,,,,,,,,,,,,,,,,,,,,,,,,,,,
"Di sisi teknis, pengembangan dan penerapan teknologi pintar (smart technology) menjadi terobosan yang signifikan dalam manajemen energi rumah tangga.",,,,,,,,,,,,,,,,,,,,,,,,,,,,,,
Pemerintah juga memiliki peran penting dalam menciptakan iklim yang kondusif bagi implementasi manajemen energi.,,,,,,,,,,,,,,,,,,,,,,,,,,,,,,
"Selain pendekatan efisiensi, integrasi energi terbarukan juga merupakan bagian dari solusi manajemen energi yang berkelanjutan.",,,,,,,,,,,,,,,,,,,,,,,,,,,,,,
keberhasilan manajemen energi tidak dapat dicapai hanya melalui pendekatan teknologi dan kebijakan semata,,,,,,,,,,,,,,,,,,,,,,,,,,,,,,
"Secara keseluruhan, manajemen energi di sektor rumah tangga bukan hanya menjadi alat untuk mengatasi lonjakan konsumsi listrik, tetapi juga merupakan fondasi penting bagi pembangunan masa depan yang berwawasan lingkungan.",,,,,,,,,,,,,,,,,,,,,,,,,,,,,,
"Dengan penerapan solusi-solusi manajemen energi yang terstruktur dan berorientasi jangka panjang, Indonesia dapat mengurangi ketergantungan terhadap energi fosil, menghemat sumber daya nasional, serta berkontribusi aktif dalam agenda global pengurangan emisi dan pembangunan berkelanjutan",,,,,,,,,,,,,,,,,,,,,,,,,,,,,,
"Penerapan manajemen energi terbukti mampu menekan pemborosan energi melalui berbagai strategi seperti edukasi literasi energi, penggunaan peralatan hemat energi berlabel SNI, pengembangan teknologi rumah pintar, serta integrasi energi terbarukan seperti panel surya atap",,,,,,,,,,,,,,,,,,,,,,,,,,,,,,
"Dengan demikian, manajemen energi tidak hanya menjawab tantangan peningkatan kebutuhan listrik, tetapi juga memperkuat ketahanan energi nasional sekaligus mendukung upaya pengurangan emisi karbon demi pembangunan berkelanjutan.",,,,,,,,,,,,,,,,,,,,,,,,,,,,,,
,,,,,,,,,,,,,,,,,,,,,,,,,,,,,,
,,,,,,,,,,,,,,,,,,,,,,,,,,,,,,
,,,,,,,,,,,,,,,,,,,,,,,,,,,,,,
,,,,,,,,,,,,,,,,,,,,,,,,,,,,,,
https://d1wqtxts1xzle7.cloudfront.net/77243704/32151-libre.pdf?1640350065=&response-content-disposition=inline%3B+filename%3DStudi_Manajemen_Energi_Listrik_di_RSUD_K.pdf&Expires=1777085654&Signature=RZ~6iD0TUMwphWM9Vk4Mc-Of0BCs-QRRB3O7BRzy0KMgR5qEf3OfAauQyRAb~EzD~AnA-x54XJ4XtW5nqTI3BVNOjlnDTFefr9Tx-1JesOKn-FfanHJ20GhSPRFiKam4ktENd~rnOOgr91WF1~dOWVVUM2t3SrCBNODxi8pqrWRneKKnqF6ke6-ErqOtpQb4P8PNZpNInhiT-EiLUHcj4L5WTdBm-Ts932rPTYeW~0r7Z8FxVEEY3AT4ZAgjtrzbqGs9aqHLq33OjuucRBJBA~kFOg2~m-JyCIy4iUgvuCSL4no57ccFIG0hqEMBCoQmMCd3Gzy79jtCep7g80AY2g__&Key-Pair-Id=APKAJLOHF5GGSLRBV4ZA,,,,,,,,,,,,,,,,,,,,,,,,,,,,,,
"Penelitian tentang manajemen energi dan/atau audit energi sudah banyak dilakukan diberbagai bidang seperti dibidang kesehatan [10], [11] dan[14], dibidang pendidikan [12] dan dibidang industri [13].",,,,,,,,,,,,,,,,,,,,,,,,,,,,,,
Efisiensi penggunaan energimasih mungkin ditingkatkan melalui penerapan sistem manajemen energi.,,,,,,,,,,,,,,,,,,,,,,,,,,,,,,
Agar dilakukan peninjauan ulang atas semua instalasi/peralatan energi serta penerapan manajemen energi dalam pengelolaan bangunan.,,,,,,,,,,,,,,,,,,,,,,,,,,,,,,
Pengoperasian peralatan energi dilakukan dengan prinsip manajemen energi.,,,,,,,,,,,,,,,,,,,,,,,,,,,,,,
Efisiensi penggunaan energi masih mungkin ditingkatkan melalui penerapan sistem manajemen energi terpadu.,,,,,,,,,,,,,,,,,,,,,,,,,,,,,,
Agar ditinjau ulang atas semua instalasi/peralatan energi serta penerapan manajemen energi dalam pengelolaan bangunan.,,,,,,,,,,,,,,,,,,,,,,,,,,,,,,
"Sesuai dengan gambar diatas dapat disampaikan bahwa pembiayaan energi listrik paling besar persentasenya dibandingkan denga energi yang lain, sehingga dalam pembahasan ini terfokus pada manajemen energi istrik di RSUD Kabupaten Klungkung. ",,,,,,,,,,,,,,,,,,,,,,,,,,,,,,
